{
  "width": 28,
  "height": 18,
  "tilewidth": 35,
  "tileheight": 35,
  "layers": [
    {
      "name": "Blocks",
      "width": 28,
      "height": 18,
      "x": 0,
      "y": 0,
      "data": [
        1, 1, 1, 1, 1, 1, 1, 1, 1, 1, 1, 1, 1, 1, 1, 1, 1, 1, 1, 1, 1, 1, 1, 1, 1, 1, 1, 1,
        1, 2, 3, 3, 3, 3, 2, 1, 2, 3, 2, 3, 2, 3, 2, 3, 2, 3, 2, 3, 1, 2, 3, 3, 3, 2, 3, 1,
        1, 3, 2, 1, 1, 3, 2, 2, 3, 2, 3, 2, 3, 2, 3, 2, 3, 2, 3, 2, 1, 3, 3, 2, 2, 2, 3, 1,
        1, 2, 3, 3, 3, 3, 3, 2, 3, 1, 1, 1, 1, 3, 1, 1, 1, 1, 2, 3, 2, 3, 3, 1, 1, 1, 2, 1,
        1, 1, 1, 1, 2, 2, 2, 2, 3, 3, 3, 2, 3, 3, 3, 3, 3, 2, 3, 3, 1, 2, 3, 3, 3, 3, 3, 1,
        1, 3, 3, 3, 2, 3, 3, 3, 3, 2, 2, 3, 3, 2, 1, 1, 3, 3, 2, 3, 1, 2, 3, 3, 2, 3, 2, 1,
        1, 2, 2, 3, 1, 1, 1, 1, 2, 2, 1, 1, 1, 1, 1, 1, 2, 2, 1, 1, 3, 2, 1, 1, 1, 2, 1, 1,
        1, 2, 2, 3, 2, 3, 3, 1, 3, 3, 1, 1, 3, 3, 2, 2, 3, 3, 2, 2, 3, 3, 2, 1, 3, 3, 3, 1,
        1, 1, 1, 1, 2, 3, 3, 1, 3, 2, 3, 3, 2, 3, 3, 3, 3, 3, 3, 3, 3, 3, 1, 1, 3, 2, 2, 1,
        1, 3, 3, 3, 3, 3, 3, 1, 3, 2, 2, 2, 2, 3, 1, 1, 1, 1, 1, 2, 3, 3, 1, 2, 3, 2, 1, 1,
        1, 3, 2, 1, 1, 2, 3, 1, 3, 3, 3, 3, 3, 3, 1, 3, 3, 3, 3, 2, 3, 2, 3, 2, 3, 2, 2, 1,
        1, 1, 2, 2, 2, 2, 3, 1, 1, 1, 2, 2, 2, 1, 1, 2, 3, 2, 3, 2, 3, 2, 3, 2, 2, 3, 3, 1,
        1, 3, 3, 3, 3, 3, 3, 3, 3, 3, 3, 2, 3, 2, 3, 3, 2, 3, 2, 1, 1, 1, 1, 1, 2, 3, 3, 1,
        1, 1, 1, 2, 2, 1, 1, 2, 2, 2, 3, 3, 2, 2, 2, 3, 3, 3, 3, 2, 3, 2, 3, 1, 1, 1, 1, 1,
        1, 2, 3, 3, 3, 3, 3, 3, 3, 1, 2, 3, 1, 1, 1, 1, 2, 2, 3, 1, 2, 2, 3, 2, 2, 2, 2, 1,
        1, 3, 2, 2, 1, 2, 3, 2, 3, 1, 3, 2, 3, 2, 3, 2, 3, 2, 3, 2, 3, 1, 1, 3, 3, 3, 3, 1,
        1, 3, 3, 2, 3, 2, 1, 2, 3, 1, 3, 3, 2, 3, 2, 3, 2, 3, 3, 1, 3, 3, 3, 3, 2, 2, 2, 1,
        1, 1, 1, 1, 1, 1, 1, 1, 1, 1, 1, 1, 1, 1, 1, 1, 1, 1, 1, 1, 1, 1, 1, 1, 1, 1, 1, 1
      ],
      "opacity": 1,
      "type": "tilelayer",
      "visible": true,
      "properties": {
        "max_players": 3,
        "collisionTiles": [1, 2],
        "empty": 3,
        "balk": 2,
        "wall": 1,
        "spawns": [
          { "col": 6,  "row": 3  },
          { "col": 8,  "row": 14 },
          { "col": 20, "row": 15 },
          { "col": 22, "row": 1  }
        ]
      }
    }
  ],
  "renderorder": "right-down",
  "tilesets": [
    {
      "name": "tiles",
      "firstgid": 1,
      "tilewidth": 35,
      "tileheight": 35,
      "imagewidth": 210,
      "imageheight": 35,
      "image": "tileset.png",
      "margin": 0,
      "properties": {},
      "spacing": 0
    }
  ],
  "properties": {},
  "orientation": "orthogonal",
  "version": 1
}
