{
  "width": 28,
  "height": 18,
  "tilewidth": 35,
  "tileheight": 35,
  "layers": [
    {
      "name": "Blocks",
      "width": 28,
      "height": 18,
      "x": 0,
      "y": 0,
      "data": [
        4, 4, 4, 4, 4, 4, 4, 4, 4, 4, 4, 4, 4, 4, 4, 4, 4, 4, 4, 4, 4, 4, 4, 4, 4, 4, 4, 4,
        4, 6, 5, 4, 6, 6, 5, 6, 6, 5, 6, 5, 5, 6, 5, 6, 5, 6, 6, 6, 6, 5, 6, 4, 6, 5, 6, 4,
        4, 6, 6, 5, 6, 5, 5, 5, 6, 6, 5, 4, 6, 5, 6, 5, 6, 4, 5, 5, 6, 5, 5, 6, 5, 6, 6, 4,
        4, 4, 6, 6, 5, 6, 5, 4, 5, 6, 6, 4, 4, 4, 6, 6, 4, 4, 6, 6, 4, 6, 6, 5, 6, 6, 4, 4,
        4, 5, 4, 5, 6, 6, 6, 5, 4, 5, 6, 6, 5, 5, 6, 6, 5, 6, 6, 4, 6, 6, 6, 6, 6, 4, 5, 4,
        4, 6, 5, 5, 5, 4, 6, 6, 5, 4, 5, 6, 6, 6, 6, 4, 6, 6, 4, 5, 5, 5, 4, 5, 4, 5, 6, 4,
        4, 6, 6, 5, 4, 6, 5, 6, 6, 6, 6, 5, 6, 5, 4, 4, 6, 5, 6, 6, 5, 6, 6, 4, 5, 6, 6, 4,
        4, 6, 5, 6, 5, 6, 6, 4, 5, 6, 4, 5, 5, 5, 6, 6, 6, 5, 5, 5, 6, 5, 6, 6, 6, 5, 6, 4,
        4, 6, 6, 6, 6, 5, 6, 4, 5, 6, 4, 4, 4, 6, 6, 5, 6, 6, 6, 5, 4, 6, 5, 6, 5, 4, 4, 4,
        4, 6, 4, 4, 5, 6, 6, 4, 5, 6, 5, 5, 6, 5, 5, 4, 4, 4, 6, 6, 4, 5, 6, 5, 6, 6, 6, 4,
        4, 6, 6, 6, 6, 5, 6, 5, 5, 6, 6, 6, 6, 6, 5, 4, 5, 6, 5, 6, 4, 6, 6, 5, 6, 5, 6, 4,
        4, 6, 5, 5, 4, 6, 6, 6, 6, 5, 6, 4, 4, 6, 6, 6, 5, 6, 5, 6, 5, 5, 5, 4, 5, 6, 5, 4,
        4, 6, 5, 4, 5, 4, 5, 6, 6, 4, 5, 5, 4, 6, 5, 6, 6, 6, 4, 6, 6, 6, 4, 5, 4, 5, 6, 4,
        4, 5, 4, 6, 5, 6, 5, 6, 4, 6, 6, 6, 6, 6, 5, 6, 6, 6, 6, 4, 6, 6, 5, 6, 5, 4, 5, 4,
        4, 4, 6, 6, 6, 6, 6, 4, 6, 6, 4, 4, 4, 6, 6, 4, 4, 6, 5, 6, 4, 6, 5, 6, 6, 5, 4, 4,
        4, 6, 6, 5, 5, 5, 6, 6, 5, 5, 4, 6, 5, 5, 5, 5, 4, 5, 6, 5, 6, 5, 6, 6, 6, 6, 6, 4,
        4, 6, 6, 5, 4, 5, 6, 6, 6, 6, 5, 5, 6, 6, 6, 6, 5, 5, 6, 6, 6, 6, 6, 4, 5, 6, 6, 4,
        4, 4, 4, 4, 4, 4, 4, 4, 4, 4, 4, 4, 4, 4, 4, 4, 4, 4, 4, 4, 4, 4, 4, 4, 4, 4, 4, 4
      ],
      "opacity": 1,
      "type": "tilelayer",
      "visible": true,
      "properties": {
        "max_players": 3,
        "collisionTiles": [4, 5],
        "empty": 6,
        "balk": 5,
        "wall": 4,
        "spawns": [
          { "col": 6,  "row": 4  },
          { "col": 7,  "row": 15 },
          { "col": 22, "row": 3  },
          { "col": 23, "row": 13 }
        ]
      }
    }
  ],
  "renderorder": "right-down",
  "tilesets": [
    {
      "name": "tiles",
      "firstgid": 1,
      "tilewidth": 35,
      "tileheight": 35,
      "imagewidth": 210,
      "imageheight": 35,
      "image": "tileset.png",
      "margin": 0,
      "properties": {},
      "spacing": 0
    }
  ],
  "properties": {},
  "orientation": "orthogonal",
  "version": 1
}
